gene,promoter_id,header,promoter_seq,circuit_dna
MT1H,,,,
MGLL,,,,
GPC6,,,,
MT1M,,,,
HBB,,,,
CYP1A1,,,,
SNX7,,,,
CDKN1C,,,,
MYL9,EP73437,EP73437 (+) Hs MYL9; range -499 to 100.,CTGGCGGGCGACCGCTGATGTGGACAGAGCGAGTCACCGGGCGTAGGGGTCCCTGGGAGCCCCCCCACCCACCGCCTCTGCCCTCCCCACGTCGAGAGCCGTTGCCCGTCAGGGGAAGCTGCACTCCCACGGCCCATACAAGTGGGAGGCCTCTGGGGAAGCGGCCCTGGACATTCCGTTTGCCTCTCTGGAGGGGAAGGGGTGGCCCAGAGCGAACCCCCACACCCCCTCTCCCATTGCCTGCTCACCCCATCACCTCCCCTCCCTACAAGGCCCTCTGTGCAGCCCGGGCTGGCACAGCAAGGAAGGGGGGCTCACCCCAGAGCGCCCCCGCCTGCCAGCCCGTGGGTCGAGGCCAAATAAGGCCGGACGGCAGCCGAGGGCCCCCGCACCCCGCCCGCGGCCCCGCCCCGCGCACATTCTTCTGCCTTGTAAGGCCCGGCCGCCACGCCCCGCCCCCGCCTGGAGTCCAGACCCGACGGCCGGCCCAGTTCCACGCACCCAGCGAGCCCAAGCGCCTTCTCCGCACCAGGTGGGATCCGGGGCCCCGGGGGTCTTGAGGACAGGCCTAACGGCCCAGGGCTGGAGATGAGAGGTGGC,GAGCGGCCTCAGTGAGCGAGCGGGACAAAGTGGAGGTGGTGCTGCGAGGCAGGCGGGGTGAGAGACAGGCGCCGCCAGCGCCCGGCGGAAGCGCTGAGCGAGGCCAGCGAGGCGGACACGCGCCCCGCCGAGGACTGGCGGGCGACCGCTGATGTGGACAGAGCGAGTCACCGGGCGTAGGGGTCCCTGGGAGCCCCCCCACCCACCGCCTCTGCCCTCCCCACGTCGAGAGCCGTTGCCCGTCAGGGGAAGCTGCACTCCCACGGCCCATACAAGTGGGAGGCCTCTGGGGAAGCGGCCCTGGACATTCCGTTTGCCTCTCTGGAGGGGAAGGGGTGGCCCAGAGCGAACCCCCACACCCCCTCTCCCATTGCCTGCTCACCCCATCACCTCCCCTCCCTACAAGGCCCTCTGTGCAGCCCGGGCTGGCACAGCAAGGAAGGGGGGCTCACCCCAGAGCGCCCCCGCCTGCCAGCCCGTGGGTCGAGGCCAAATAAGGCCGGACGGCAGCCGAGGGCCCCCGCACCCCGCCCGCGGCCCCGCCCCGCGCACATTCTTCTGCCTTGTAAGGCCCGGCCGCCACGCCCCGCCCCCGCCTGGAGTCCAGACCCGACGGCCGGCCCAGTTCCACGCACCCAGCGAGCCCAAGCGCCTTCTCCGCACCAGGTGGGATCCGGGGCCCCGGGGGTCTTGAGGACAGGCCTAACGGCCCAGGGCTGGAGATGAGAGGTGGCGCCACCATGGGAA AAC CTT TAC TTC CAA GGGGGGAAAAGGGAAGGGAAAGGGCTGGTGCCGCGCGGCAGCTCTAGAGCGGCCGCCGAATTCATGAGCAAAGGCGAAGAACTGTTTACCGGCGTGGTGCCGATTCTGGTGGAACTGGATGGCGATGTGAACGGCCATAAATTTAGCGTGAGCGGCGAAGGCGAAGGCGATGCGACCTATGGCAAACTGACCCTGAAATTTATTTGCACCACCGGCAAACTGCCGGTGCCGTGGCCGACCCTGGTGACCACCTTTAGCTATGGCGTGCAGTGCTTTAGCCGCTATCCGGATCATATGAAACAGCATGATTTTTTTAAAAGCGCGATGCCGGAAGGCTATGTGCAGGAACGCACCATTTTTTTTAAAGATGATGGCAACTATAAAACCCGCGCGGAAGTGAAATTTGAAGGCGATACCCTGGTGAACCGCATTGAACTGAAAGGCATTGATTTTAAAGAAGATGGCAACATTCTGGGCCATAAACTGGAATATAACTATAACAGCCATAACGTGTATATTATGGCGGATAAACAGAAAAACGGCATTAAAGTGGAACTTTAAAATTCGCCATAACATTGAAGATGGGCAGCGTGCAGCTGGCGGATCATTATCAGCAGAACACCCCGATTGGCGATGGCCCGGTGCTGCTGCCGGATAACCATTATCTGAGCACCCAGAGCGCGCTGAGCAAAGATCCGAACGAAAAACGCGATCATATGGTGCTGCTGGAATTTGTGACCGCGGCGGGCATTACCCATGGCATGGATGAACTGTATAAATAAAATAAACGGCCTCGTCACGCGCCGGCAAGACGTACGGCCGCCGTAGCCG
PEG10,,,,
AFP,,,,
PMEPA1,,,,
DTX4,,,,
RAB34,,,,
ZNF331,,,,
ALDH3A1,EP73307,EP73307 (+) Hs ALDH3A1; range -499 to 100.,ATCTCTGACTCAATGGGGCCCTGTGCACACTGGGGGATGTGAAGGGCCCGGGGCAGCGGTGGCTGGGGGTGCGTTTCGGGGGAGCTGCATGCTCTCACTGTGGTTCGTGGCTGAGCCCTGCCGATCTTATGTAACCAGAGAACTCAGAGAACCGCATCTGGCAGCGGCAAGTCTGGAAAGCTGGAAGAGCTCCATGCCAGGCTGAATCAATCAGCAGCCCCCACGCCCAGGGCAAACATAGGCTCTTTTGAAGATTGGAGATGTGCCCTGCCCAAGCCTTCAGAAACATTCTCGCATTTCAGAAGTGAACAAAAGCAAACAGCCCGGGACCTAATCCCCAAAACCTGGGCTGTAGGGAGCAGAGGTCCAGAGGACGCCACACCCCACATTTGAATATTTTTTTTTCTTGTCACGCAAACTTCCTGGGCAGGAACTCCAAGGGCTCAATGGACGGGAAGCAGGGTCCTTAAATACGTCCCCTCTTGGCTCTTGCCGTTCCAGGAGCCCCAGTTACCGGGAGAGGCTGTGTCAAAGGTAATCCTCTTCCCTGCATTCCTTATTTTTTCTCTTGTCTAGGTGGAGTCTGCACTCAGAGCCGGG,GAGCGGCCTCAGTGAGCGAGCGGGACAAAGTGGAGGTGGTGCTGCGAGGCAGGCGGGGTGAGAGACAGGCGCCGCCAGCGCCCGGCGGAAGCGCTGAGCGAGGCCAGCGAGGCGGACACGCGCCCCGCCGAGGAATCTCTGACTCAATGGGGCCCTGTGCACACTGGGGGATGTGAAGGGCCCGGGGCAGCGGTGGCTGGGGGTGCGTTTCGGGGGAGCTGCATGCTCTCACTGTGGTTCGTGGCTGAGCCCTGCCGATCTTATGTAACCAGAGAACTCAGAGAACCGCATCTGGCAGCGGCAAGTCTGGAAAGCTGGAAGAGCTCCATGCCAGGCTGAATCAATCAGCAGCCCCCACGCCCAGGGCAAACATAGGCTCTTTTGAAGATTGGAGATGTGCCCTGCCCAAGCCTTCAGAAACATTCTCGCATTTCAGAAGTGAACAAAAGCAAACAGCCCGGGACCTAATCCCCAAAACCTGGGCTGTAGGGAGCAGAGGTCCAGAGGACGCCACACCCCACATTTGAATATTTTTTTTTCTTGTCACGCAAACTTCCTGGGCAGGAACTCCAAGGGCTCAATGGACGGGAAGCAGGGTCCTTAAATACGTCCCCTCTTGGCTCTTGCCGTTCCAGGAGCCCCAGTTACCGGGAGAGGCTGTGTCAAAGGTAATCCTCTTCCCTGCATTCCTTATTTTTTCTCTTGTCTAGGTGGAGTCTGCACTCAGAGCCGGGGCCACCATGGGAA AAC CTT TAC TTC CAA GGGGGGAAAAGGGAAGGGAAAGGGCTGGTGCCGCGCGGCAGCTCTAGAGCGGCCGCCGAATTCATGAGCAAAGGCGAAGAACTGTTTACCGGCGTGGTGCCGATTCTGGTGGAACTGGATGGCGATGTGAACGGCCATAAATTTAGCGTGAGCGGCGAAGGCGAAGGCGATGCGACCTATGGCAAACTGACCCTGAAATTTATTTGCACCACCGGCAAACTGCCGGTGCCGTGGCCGACCCTGGTGACCACCTTTAGCTATGGCGTGCAGTGCTTTAGCCGCTATCCGGATCATATGAAACAGCATGATTTTTTTAAAAGCGCGATGCCGGAAGGCTATGTGCAGGAACGCACCATTTTTTTTAAAGATGATGGCAACTATAAAACCCGCGCGGAAGTGAAATTTGAAGGCGATACCCTGGTGAACCGCATTGAACTGAAAGGCATTGATTTTAAAGAAGATGGCAACATTCTGGGCCATAAACTGGAATATAACTATAACAGCCATAACGTGTATATTATGGCGGATAAACAGAAAAACGGCATTAAAGTGGAACTTTAAAATTCGCCATAACATTGAAGATGGGCAGCGTGCAGCTGGCGGATCATTATCAGCAGAACACCCCGATTGGCGATGGCCCGGTGCTGCTGCCGGATAACCATTATCTGAGCACCCAGAGCGCGCTGAGCAAAGATCCGAACGAAAAACGCGATCATATGGTGCTGCTGGAATTTGTGACCGCGGCGGGCATTACCCATGGCATGGATGAACTGTATAAATAAAATAAACGGCCTCGTCACGCGCCGGCAAGACGTACGGCCGCCGTAGCCG
MATN2,,,,
SERPINA1,EP17092,EP17092 (+) Hs SERPINA1 E2P2; range -499 to 100.,GCTGACTGGGTAACTTTGGATGAGCGGTCTCTCCGCTCTGAGCCTGTTTCCTCATCTGTCAAATGGGCTCTAACCCACTCTGATCTCCCAGGGCGGCAGTAAGTCTTCAGCATCAGGCATTTTGGGGTGACTCAGTAAATGGTAGATCTTGCTACCAGTGGAACAGCCACTAAGGATTCTGCAGTGAGAGCAGAGGGCCAGCTAAGTGGTACTCTCCCAGAGACTGTCTGACTCACGCCACCCCCTCCACCTTGGACACAGGACGCTGTGGTTTCTGAGCCAGGTACAATGACTCCTTTCGGTAAGTGCAGTGGAAGCTGTACACTGCCCAGGCAAAGCGTCCGGGCAGCGTAGGCGGGCGACTCAGATCCCAGCCAGTGGACTTAGCCCCTGTTTGCTCCTCCGATAACTGGGGTGACCTTGGTTAATATTCACCAGCAGCCTCCCCCGTTGCCCCTCTGGATCCACTGCTTAAATACGGACGAGGACAGGGCCCTGTCTCCTCAGCTTCAGGCACCACCACTGACCTGGGACAGTGAATCGTAAGTATGCCTTTCACTGCGAGAGGTTCTGGAGAGGCTTCTGAGCTCCCCATGGCCC,GAGCGGCCTCAGTGAGCGAGCGGGACAAAGTGGAGGTGGTGCTGCGAGGCAGGCGGGGTGAGAGACAGGCGCCGCCAGCGCCCGGCGGAAGCGCTGAGCGAGGCCAGCGAGGCGGACACGCGCCCCGCCGAGGAGCTGACTGGGTAACTTTGGATGAGCGGTCTCTCCGCTCTGAGCCTGTTTCCTCATCTGTCAAATGGGCTCTAACCCACTCTGATCTCCCAGGGCGGCAGTAAGTCTTCAGCATCAGGCATTTTGGGGTGACTCAGTAAATGGTAGATCTTGCTACCAGTGGAACAGCCACTAAGGATTCTGCAGTGAGAGCAGAGGGCCAGCTAAGTGGTACTCTCCCAGAGACTGTCTGACTCACGCCACCCCCTCCACCTTGGACACAGGACGCTGTGGTTTCTGAGCCAGGTACAATGACTCCTTTCGGTAAGTGCAGTGGAAGCTGTACACTGCCCAGGCAAAGCGTCCGGGCAGCGTAGGCGGGCGACTCAGATCCCAGCCAGTGGACTTAGCCCCTGTTTGCTCCTCCGATAACTGGGGTGACCTTGGTTAATATTCACCAGCAGCCTCCCCCGTTGCCCCTCTGGATCCACTGCTTAAATACGGACGAGGACAGGGCCCTGTCTCCTCAGCTTCAGGCACCACCACTGACCTGGGACAGTGAATCGTAAGTATGCCTTTCACTGCGAGAGGTTCTGGAGAGGCTTCTGAGCTCCCCATGGCCCGCCACCATGGGAA AAC CTT TAC TTC CAA GGGGGGAAAAGGGAAGGGAAAGGGCTGGTGCCGCGCGGCAGCTCTAGAGCGGCCGCCGAATTCATGAGCAAAGGCGAAGAACTGTTTACCGGCGTGGTGCCGATTCTGGTGGAACTGGATGGCGATGTGAACGGCCATAAATTTAGCGTGAGCGGCGAAGGCGAAGGCGATGCGACCTATGGCAAACTGACCCTGAAATTTATTTGCACCACCGGCAAACTGCCGGTGCCGTGGCCGACCCTGGTGACCACCTTTAGCTATGGCGTGCAGTGCTTTAGCCGCTATCCGGATCATATGAAACAGCATGATTTTTTTAAAAGCGCGATGCCGGAAGGCTATGTGCAGGAACGCACCATTTTTTTTAAAGATGATGGCAACTATAAAACCCGCGCGGAAGTGAAATTTGAAGGCGATACCCTGGTGAACCGCATTGAACTGAAAGGCATTGATTTTAAAGAAGATGGCAACATTCTGGGCCATAAACTGGAATATAACTATAACAGCCATAACGTGTATATTATGGCGGATAAACAGAAAAACGGCATTAAAGTGGAACTTTAAAATTCGCCATAACATTGAAGATGGGCAGCGTGCAGCTGGCGGATCATTATCAGCAGAACACCCCGATTGGCGATGGCCCGGTGCTGCTGCCGGATAACCATTATCTGAGCACCCAGAGCGCGCTGAGCAAAGATCCGAACGAAAAACGCGATCATATGGTGCTGCTGGAATTTGTGACCGCGGCGGGCATTACCCATGGCATGGATGAACTGTATAAATAAAATAAACGGCCTCGTCACGCGCCGGCAAGACGTACGGCCGCCGTAGCCG
HMOX1,EP73654,EP73654 (+) Hs HMOX1; range -499 to 100.,AGGATTCCAGCAGGTGACATTTTAGGGAGCTGGAGACAGCAGAGCCTGGGGTTGCTAAGTTCCTGATGTTGCCCACCAGGCTATTGCTCTGAGCAGCGCTGCCTCCCAGCTTTCTGGAACCTTCTGGGACGCCTGGGGTGCATCAAGTCCCAAGGGGACAGGGAGCAGAAGGGGGGGCTCTGGAAGGAGCAAAATCACACCCAGAGCCTGCAGCTTCTCAGATTTCCTTAAAGGTTTTGTGTGTGTGTGTGTGTGTGTGTGTGTGTGTATGTGTGTGTGTGTGTGTGTGTGTGTGTGTTTTCTCTAAAAGTCCTATGGCCAGACTTTGTTTCCCAAGGGTCATATGACTGCTCCTCTCCACCCCACACTGGCCCGGGGCGGGCTGGGCGCGGGCCCCTGCGGGTGTTGCAACGCCCGGCCAGAAAGTGGGCATCAGCTGTTCCGCCTGGCCCACGTGACCCGCCGAGCATAAATGTGACCGGCCGCGGCTCCGGCAGTCAACGCCTGCCTCCTCTCGAGCGTCCTCAGCGCAGCCGCCGCCCGCGGAGCCAGCACGAACGAGCCCAGCACCGGCCGGATGGAGCGTCCGCAACCCGACAG,GAGCGGCCTCAGTGAGCGAGCGGGACAAAGTGGAGGTGGTGCTGCGAGGCAGGCGGGGTGAGAGACAGGCGCCGCCAGCGCCCGGCGGAAGCGCTGAGCGAGGCCAGCGAGGCGGACACGCGCCCCGCCGAGGAAGGATTCCAGCAGGTGACATTTTAGGGAGCTGGAGACAGCAGAGCCTGGGGTTGCTAAGTTCCTGATGTTGCCCACCAGGCTATTGCTCTGAGCAGCGCTGCCTCCCAGCTTTCTGGAACCTTCTGGGACGCCTGGGGTGCATCAAGTCCCAAGGGGACAGGGAGCAGAAGGGGGGGCTCTGGAAGGAGCAAAATCACACCCAGAGCCTGCAGCTTCTCAGATTTCCTTAAAGGTTTTGTGTGTGTGTGTGTGTGTGTGTGTGTGTGTATGTGTGTGTGTGTGTGTGTGTGTGTGTGTTTTCTCTAAAAGTCCTATGGCCAGACTTTGTTTCCCAAGGGTCATATGACTGCTCCTCTCCACCCCACACTGGCCCGGGGCGGGCTGGGCGCGGGCCCCTGCGGGTGTTGCAACGCCCGGCCAGAAAGTGGGCATCAGCTGTTCCGCCTGGCCCACGTGACCCGCCGAGCATAAATGTGACCGGCCGCGGCTCCGGCAGTCAACGCCTGCCTCCTCTCGAGCGTCCTCAGCGCAGCCGCCGCCCGCGGAGCCAGCACGAACGAGCCCAGCACCGGCCGGATGGAGCGTCCGCAACCCGACAGGCCACCATGGGAA AAC CTT TAC TTC CAA GGGGGGAAAAGGGAAGGGAAAGGGCTGGTGCCGCGCGGCAGCTCTAGAGCGGCCGCCGAATTCATGAGCAAAGGCGAAGAACTGTTTACCGGCGTGGTGCCGATTCTGGTGGAACTGGATGGCGATGTGAACGGCCATAAATTTAGCGTGAGCGGCGAAGGCGAAGGCGATGCGACCTATGGCAAACTGACCCTGAAATTTATTTGCACCACCGGCAAACTGCCGGTGCCGTGGCCGACCCTGGTGACCACCTTTAGCTATGGCGTGCAGTGCTTTAGCCGCTATCCGGATCATATGAAACAGCATGATTTTTTTAAAAGCGCGATGCCGGAAGGCTATGTGCAGGAACGCACCATTTTTTTTAAAGATGATGGCAACTATAAAACCCGCGCGGAAGTGAAATTTGAAGGCGATACCCTGGTGAACCGCATTGAACTGAAAGGCATTGATTTTAAAGAAGATGGCAACATTCTGGGCCATAAACTGGAATATAACTATAACAGCCATAACGTGTATATTATGGCGGATAAACAGAAAAACGGCATTAAAGTGGAACTTTAAAATTCGCCATAACATTGAAGATGGGCAGCGTGCAGCTGGCGGATCATTATCAGCAGAACACCCCGATTGGCGATGGCCCGGTGCTGCTGCCGGATAACCATTATCTGAGCACCCAGAGCGCGCTGAGCAAAGATCCGAACGAAAAACGCGATCATATGGTGCTGCTGGAATTTGTGACCGCGGCGGGCATTACCCATGGCATGGATGAACTGTATAAATAAAATAAACGGCCTCGTCACGCGCCGGCAAGACGTACGGCCGCCGTAGCCG
ATP2B2,,,,
